epoch,train_loss,val_psnr,val_ssim,val_tce,inference_ms,learning_rate,is_best,timestamp
1,0.011672,36.691,0.9617,0.000428,311.49,0.0014,True,2026-09-18 02:56:10
2,0.034407,38.6129,0.9717,0.000305,140.87,0.0014,True,2026-09-18 04:12:40
3,0.013301,38.987,0.9733,0.000284,140.87,0.0013913879942462988,True,2026-09-18 04:50:34
4,1059982.570789,38.0353,0.9692,0.000332,140.87,0.0013657640331484599,False,2026-09-18 05:28:27
5,1.960467,39.1146,0.974,0.00028,141.7,0.0013237590636697633,True,2026-09-18 06:06:28
6,6627.300321,39.1365,0.9739,0.000279,141.7,0.0012664073875652757,True,2026-09-18 06:44:26
7,1.233194,30.9453,0.8154,0.000526,141.7,0.0011951211934399899,False,2026-09-18 07:22:23
8,0.124691,39.256,0.9744,0.000271,141.7,0.001111655783978585,True,2026-09-18 08:00:23
9,0.020209,39.3861,0.975,0.000266,141.7,0.001018066354567813,True,2026-09-18 08:38:17
10,0.020056,39.1738,0.9742,0.000273,140.85,0.0009166573875652759,False,2026-09-18 09:16:17
11,0.011628,39.4567,0.9753,0.000262,140.85,0.0008099259082956416,True,2026-09-18 09:54:09
12,0.012182,39.5053,0.9755,0.00026,140.85,0.0007005000000000001,True,2026-09-18 10:32:01
13,0.007349,39.5609,0.9757,0.000258,140.85,0.0005910740917043588,True,2026-09-18 11:09:52
14,0.00652,39.5997,0.9758,0.000256,140.85,0.00048434261243472437,True,2026-09-18 12:02:14
15,0.00599,39.5923,0.9758,0.000256,225.05,0.0003829336454321871,False,2026-09-18 13:01:47
16,0.005929,39.6502,0.976,0.000255,225.05,0.00028934421602141514,True,2026-09-18 14:01:16
17,0.005905,39.6854,0.976,0.000253,225.05,0.00020587880656001005,True,2026-09-18 15:00:44
18,0.005884,39.7112,0.9762,0.000252,225.05,0.00013459261243472433,True,2026-09-18 16:00:13
19,0.005866,39.7016,0.9763,0.000253,225.05,7.724093633023673e-05,False,2026-09-18 16:59:40
20,0.005853,39.7455,0.9763,0.000251,223.92,3.5235966851540104e-05,True,2026-09-18 17:59:15
21,0.005845,39.7501,0.9764,0.000251,223.92,9.612005753701208e-06,True,2026-09-18 18:58:44
22,0.005839,39.7581,0.9764,0.000251,223.92,0.0014,True,2026-09-18 19:58:15
23,41898.570973,39.4042,0.9749,0.000263,223.92,0.001397843674946323,False,2026-09-18 20:57:44
24,0.04231,39.5607,0.9757,0.000257,223.92,0.0013913879942462988,False,2026-09-18 21:57:12
25,71806951927.73627,4.5284,0.0027,1166409060.352618,228.13,0.0013806727593181746,False,2026-09-18 22:56:43
26,55830112420969.94,4.8762,0.0031,37029712447.16386,228.13,0.0013657640331484599,False,2026-09-18 23:56:07
27,1506957968573518.5,3.8105,0.102,134849483.402422,228.13,0.001346753732991645,False,2026-09-19 00:58:16
23,20200.278641,39.442,0.9754,0.000262,138.66,0.0014,False,2026-09-19 03:21:10
24,0.120602,12.9785,0.1275,0.00078,138.66,0.0013913879942462988,False,2026-09-19 03:58:54
25,0.021922,39.3698,0.9749,0.000264,139.58,0.0013657640331484599,False,2026-09-19 04:36:41
26,0.656102,39.5052,0.9754,0.000261,139.58,0.0013237590636697633,False,2026-09-19 05:14:26
27,0.02626,39.4936,0.9754,0.00026,139.58,0.0012664073875652757,False,2026-09-19 05:52:11
28,0.017318,39.5463,0.9757,0.000257,139.58,0.0011951211934399899,False,2026-09-19 06:29:55
29,0.034447,39.599,0.9757,0.000256,139.58,0.001111655783978585,False,2026-09-19 07:07:40
30,0.563391,39.5504,0.9756,0.000255,139.47,0.001018066354567813,False,2026-09-19 07:45:27
31,0.007975,39.6108,0.9757,0.000255,139.47,0.0009166573875652759,False,2026-09-19 08:23:14
32,0.006157,39.6361,0.9759,0.000257,139.47,0.0008099259082956416,False,2026-09-19 09:00:58
33,0.00791,39.7058,0.9763,0.000251,139.47,0.0007005000000000001,False,2026-09-19 09:38:44
34,0.00645,39.7127,0.9764,0.000251,139.47,0.0005910740917043588,False,2026-09-19 10:16:29
35,0.005883,39.7359,0.9763,0.00025,139.89,0.00048434261243472437,False,2026-09-19 10:54:18
36,0.005866,39.7398,0.9763,0.000251,139.89,0.0003829336454321871,False,2026-09-19 11:32:02
37,0.005849,39.7902,0.9766,0.000248,139.89,0.00028934421602141514,True,2026-09-19 12:08:53
38,0.005831,39.7822,0.9765,0.000249,139.89,0.00020587880656001005,False,2026-09-19 12:46:38
39,0.005818,39.8063,0.9767,0.000249,139.89,0.00013459261243472433,True,2026-09-19 13:24:26
40,0.005807,39.8267,0.9767,0.000248,277.86,7.724093633023673e-05,True,2026-09-19 14:16:42
41,0.005799,39.8358,0.9767,0.000248,280.5,0.0014,True,2026-09-19 17:00:13
42,12.551454,39.3688,0.9751,0.000266,280.5,0.0013913879942462988,False,2026-09-19 18:16:00
43,0.086716,39.2465,0.9744,0.000275,280.5,0.0013657640331484599,False,2026-09-19 19:31:51
44,0.015789,39.6066,0.9759,0.000254,280.5,0.0013237590636697633,False,2026-09-19 20:47:42
45,0.170489,39.6944,0.9761,0.000253,280.35,0.0012664073875652757,False,2026-09-19 22:03:37
46,0.012657,39.6026,0.9757,0.000255,280.35,0.0011951211934399899,False,2026-09-19 23:20:10
47,0.023755,39.6292,0.9759,0.000255,280.35,0.001111655783978585,False,2026-09-20 00:33:28
48,0.006885,39.6378,0.9761,0.000254,280.35,0.001018066354567813,False,2026-09-20 01:45:55
42,2.703209,39.5879,0.9759,0.000257,147.2,0.0014,False,2026-09-21 04:03:30
43,0.035286,39.6023,0.9759,0.00026,147.2,0.0013913879942462988,False,2026-09-21 04:43:33
44,0.011496,39.6156,0.9757,0.000256,147.2,0.0013657640331484599,False,2026-09-21 05:23:36
45,0.049058,39.5746,0.9757,0.000257,144.29,0.0013237590636697633,False,2026-09-21 06:03:43
46,0.566157,39.5548,0.9756,0.000259,144.29,0.0012664073875652757,False,2026-09-21 06:43:46
47,0.019167,39.655,0.9759,0.000253,144.29,0.0011951211934399899,False,2026-09-21 07:23:49
48,0.201738,39.6984,0.976,0.000253,144.29,0.001111655783978585,False,2026-09-21 08:03:54
49,0.051883,39.6966,0.9759,0.000255,144.29,0.001018066354567813,False,2026-09-21 08:43:57
50,0.009881,39.7672,0.9761,0.000253,146.82,0.0009166573875652759,False,2026-09-21 09:24:05
51,0.007126,39.8272,0.9764,0.000253,146.82,0.0008099259082956416,False,2026-09-21 10:04:09
52,0.017766,39.5052,0.9754,0.00026,146.82,0.0007005000000000001,False,2026-09-21 10:44:13
53,0.006451,39.7902,0.9765,0.000249,146.82,0.0005910740917043588,False,2026-09-21 11:24:17
54,0.005839,39.8449,0.9764,0.00025,146.82,0.00048434261243472437,True,2026-09-21 12:04:23
55,0.005822,39.7672,0.9763,0.000249,147.2,0.0003829336454321871,False,2026-09-21 12:44:31
56,0.005801,39.9093,0.9766,0.000248,147.2,0.00028934421602141514,True,2026-09-21 13:25:12
57,0.005784,39.9478,0.9767,0.000244,147.2,0.00020587880656001005,True,2026-09-21 14:06:22
58,0.005774,39.9484,0.9768,0.000244,147.2,0.00013459261243472433,True,2026-09-21 14:47:11
59,0.005761,39.9674,0.9768,0.000244,147.2,7.724093633023673e-05,True,2026-09-21 15:27:21
60,0.005751,39.9684,0.9768,0.000244,153.9,3.5235966851540104e-05,True,2026-09-21 16:07:00
61,0.005746,39.9865,0.9768,0.000244,153.9,9.612005753701208e-06,True,2026-09-21 16:45:29
62,0.005741,39.9851,0.9768,0.000243,153.9,0.0014,False,2026-09-21 17:23:30
63,0.279166,39.8178,0.9762,0.000249,153.9,0.001397843674946323,False,2026-09-21 18:01:29
64,0.055436,39.7646,0.9761,0.000255,153.9,0.0013913879942462988,False,2026-09-21 18:39:29
65,0.26229,39.6482,0.9761,0.000256,143.05,0.0013806727593181746,False,2026-09-21 19:17:33
66,0.182936,39.6068,0.9755,0.000256,143.05,0.0013657640331484599,False,2026-09-21 19:55:34
67,0.025871,39.7246,0.9761,0.000254,143.05,0.001346753732991645,False,2026-09-21 20:33:33
68,21.299329,39.6357,0.9759,0.000258,143.05,0.0013237590636697633,False,2026-09-21 21:11:33
69,3.731733,39.7033,0.976,0.000253,143.05,0.0012969217949656874,False,2026-09-21 21:49:33
70,299.769909,39.7842,0.9762,0.000249,143.33,0.0012664073875652757,False,2026-09-21 22:27:36
71,136.326126,32.9511,0.8876,0.00056,143.33,0.0012324039729372216,False,2026-09-21 23:05:36
72,0.138096,39.6988,0.9762,0.000256,143.33,0.0011951211934399899,False,2026-09-21 23:44:00
73,0.22769,39.7699,0.9761,0.00025,143.33,0.0011547889098069636,False,2026-09-22 00:24:37
74,0.017028,39.7469,0.9764,0.000249,143.33,0.001111655783978585,False,2026-09-22 01:03:41
75,0.009113,25.9814,0.5805,0.000854,141.93,0.0010659877460188062,False,2026-09-22 01:42:46
76,0.087402,39.7031,0.9759,0.000257,141.93,0.001018066354567813,False,2026-09-22 02:21:49
77,0.020287,36.4409,0.9584,0.000404,141.93,0.0009681870609393804,False,2026-09-22 03:00:50
78,0.006969,39.8737,0.9764,0.000247,141.93,0.0009166573875652759,False,2026-09-22 03:39:52
79,0.011114,39.826,0.9764,0.000249,141.93,0.0008637950320172059,False,2026-09-22 04:18:54
80,0.011175,39.8648,0.9765,0.000247,140.79,0.0008099259082956416,False,2026-09-22 04:58:00
81,0.006095,39.798,0.9764,0.000249,140.79,0.0007553821374616277,False,2026-09-22 05:37:02
62,0.005742,39.9818,0.9768,0.000243,150.01,0.0014,False,2026-09-22 14:33:19
63,6941.798828,39.6683,0.9758,0.000254,150.01,0.0013913879942462988,False,2026-09-22 15:13:20
64,0.86163,39.712,0.9763,0.000252,150.01,0.0013657640331484599,False,2026-09-22 15:53:22
65,0.042613,39.7018,0.9762,0.000251,146.61,0.0013237590636697633,False,2026-09-22 16:32:58
66,0.027633,39.7664,0.9761,0.000255,146.61,0.0012664073875652757,False,2026-09-22 17:11:41
67,0.022235,38.1544,0.9695,0.000325,146.61,0.0011951211934399899,False,2026-09-22 17:49:41
68,0.077741,39.6941,0.9759,0.000251,146.61,0.001111655783978585,False,2026-09-22 18:27:42
69,0.024561,39.7289,0.9763,0.000251,146.61,0.001018066354567813,False,2026-09-22 19:05:41
70,66.688651,38.353,0.9702,0.000312,136.51,0.0009166573875652759,False,2026-09-22 19:43:44
71,0.589703,39.817,0.9763,0.000283,136.51,0.0008099259082956416,False,2026-09-22 20:21:45
72,0.006397,39.8446,0.9763,0.000248,136.51,0.0007005000000000001,False,2026-09-22 20:59:45
73,0.005831,39.8456,0.9764,0.000251,136.51,0.0005910740917043588,False,2026-09-22 21:37:46
74,0.005816,39.9116,0.9765,0.000246,136.51,0.00048434261243472437,False,2026-09-22 22:15:46
75,0.005798,39.8106,0.9765,0.000248,138.84,0.0003829336454321871,False,2026-09-22 22:53:50
76,0.00578,39.8869,0.9767,0.000245,138.84,0.00028934421602141514,False,2026-09-22 23:31:54
77,0.005766,39.9671,0.9768,0.000244,138.84,0.00020587880656001005,False,2026-09-23 00:45:28
78,0.005752,39.9959,0.9768,0.000243,138.84,0.00013459261243472433,True,2026-09-23 02:11:31
79,0.005743,39.9932,0.9769,0.000243,138.84,7.724093633023673e-05,False,2026-09-23 02:58:59
80,0.005735,40.0086,0.9769,0.000242,139.45,3.5235966851540104e-05,True,2026-09-23 03:37:31
81,0.005729,40.018,0.9769,0.000242,139.45,9.612005753701208e-06,True,2026-09-23 04:15:29
82,0.005727,40.0151,0.9769,0.000242,139.45,0.0014,False,2026-09-23 04:53:27
83,830098129.780185,39.5416,0.9756,0.000261,139.45,0.001397843674946323,False,2026-09-23 05:31:25
84,2350.639169,39.562,0.9755,0.000257,139.45,0.0013913879942462988,False,2026-09-23 06:09:23
85,0.030785,39.7326,0.9759,0.000252,138.77,0.0013806727593181746,False,2026-09-23 06:47:25
86,2.728074,39.7513,0.9761,0.000256,138.77,0.0013657640331484599,False,2026-09-23 07:25:24
87,2063.947706,33.9283,0.9214,0.000564,138.77,0.001346753732991645,False,2026-09-23 08:03:21
88,2093.688613,39.7899,0.9762,0.000252,138.77,0.0013237590636697633,False,2026-09-23 08:41:19
89,0.141533,38.7745,0.9723,0.000286,138.77,0.0012969217949656874,False,2026-09-23 09:19:16
90,35.275729,39.6768,0.9761,0.000252,137.78,0.0012664073875652757,False,2026-09-23 09:57:17
91,0.036848,39.8688,0.9764,0.000249,137.78,0.0012324039729372216,False,2026-09-23 10:35:14
92,0.151712,39.8482,0.9763,0.000248,137.78,0.0011951211934399899,False,2026-09-23 11:13:12
93,0.258198,39.7808,0.9759,0.000249,137.78,0.0011547889098069636,False,2026-09-23 11:51:09
94,0.294397,39.83,0.9763,0.000248,137.78,0.001111655783978585,False,2026-09-23 12:29:06
95,0.051168,39.7215,0.9761,0.000251,140.93,0.0010659877460188062,False,2026-09-23 13:07:07
96,0.571008,39.7293,0.9762,0.00025,140.93,0.001018066354567813,False,2026-09-23 13:45:05
97,0.041894,39.8111,0.9762,0.000254,140.93,0.0009681870609393804,False,2026-09-23 14:24:06
98,0.143738,39.851,0.9763,0.00026,140.93,0.0009166573875652759,False,2026-09-23 15:04:35
99,0.007925,39.6474,0.9759,0.000252,140.93,0.0008637950320172059,False,2026-09-23 15:45:21
100,0.086275,39.8722,0.9765,0.000246,143.39,0.0008099259082956416,False,2026-09-23 16:24:49
101,0.006026,39.6965,0.9756,0.000249,143.39,0.0007553821374616277,False,2026-09-23 17:03:10
102,0.006763,39.8389,0.9764,0.000248,143.39,0.0007005000000000001,False,2026-09-23 17:41:32
103,0.006291,39.9099,0.9764,0.000247,143.39,0.0006456178625383726,False,2026-09-23 18:19:54
104,0.005826,39.948,0.9766,0.000244,143.39,0.0005910740917043588,False,2026-09-23 18:58:16
105,0.00581,39.9617,0.9766,0.000243,139.66,0.0005372049679827943,False,2026-09-23 19:36:42
106,0.005801,39.9667,0.9768,0.000243,139.66,0.00048434261243472437,False,2026-09-23 20:15:10
107,0.005787,39.8935,0.9766,0.000244,139.66,0.00043281293906061977,False,2026-09-23 20:53:37
108,0.005781,39.9932,0.9769,0.000244,139.66,0.0003829336454321871,False,2026-09-23 21:32:04
109,0.00577,39.954,0.9768,0.000243,139.66,0.00033501225398119386,False,2026-09-23 22:10:31
110,0.005761,39.986,0.9768,0.000242,143.29,0.00028934421602141514,False,2026-09-23 22:49:02
111,0.005756,39.9611,0.9768,0.000243,143.29,0.00024621109019303666,False,2026-09-23 23:27:25
112,0.005747,40.0037,0.9768,0.000242,143.29,0.00020587880656001005,False,2026-09-24 00:05:48
113,0.005741,39.9948,0.9768,0.000242,143.29,0.00016859602706277837,False,2026-09-24 00:44:09
114,0.005735,39.9706,0.9768,0.000243,143.29,0.00013459261243472433,False,2026-09-24 01:22:31
82,1.805115,39.801,0.9764,0.000247,143.97,0.001175321121500293,False,2026-09-24 04:25:57
83,0.170163,39.7428,0.9763,0.000249,143.97,0.0011547889098069636,False,2026-09-24 05:05:20
84,0.014491,39.8279,0.9764,0.00025,143.97,0.0011335562175422288,False,2026-09-24 05:44:43
85,0.059495,39.8759,0.9765,0.000247,142.45,0.001111655783978585,False,2026-09-24 06:24:11
86,0.017111,39.8506,0.9765,0.000247,142.45,0.0010891213779972116,False,2026-09-24 07:03:36
87,0.007944,39.9182,0.9765,0.000246,142.45,0.0010659877460188062,False,2026-09-24 07:43:01
88,0.011045,39.8565,0.9764,0.000247,142.45,0.00104229055842712,False,2026-09-24 08:22:27
89,0.007061,39.4196,0.9745,0.000259,142.45,0.001018066354567813,False,2026-09-24 09:01:51
90,0.103585,39.8657,0.9765,0.000246,143.9,0.000993352486407431,False,2026-09-24 09:41:20
91,0.243899,39.892,0.9765,0.000247,143.9,0.0009681870609393804,False,2026-09-24 10:20:44
92,0.022907,39.908,0.9765,0.000245,143.9,0.0009426088814257063,False,2026-09-24 11:00:09
93,0.041056,39.8474,0.9765,0.000247,143.9,0.0009166573875652759,False,2026-09-24 11:39:33
94,0.021309,39.9149,0.9766,0.000245,143.9,0.0008903725946806195,False,2026-09-24 12:18:59
95,0.006826,39.9115,0.9766,0.000245,142.65,0.0008637950320172059,False,2026-09-24 12:58:27
96,0.009342,39.6155,0.9755,0.000253,142.65,0.000836965680250282,False,2026-09-24 13:37:54
97,0.006712,39.9207,0.9766,0.000244,142.65,0.0008099259082956416,False,2026-09-24 14:17:19
98,0.007051,39.9272,0.9766,0.000245,142.65,0.0007827174095217576,False,2026-09-24 14:56:44
99,0.00714,39.9055,0.9766,0.000245,142.65,0.0007553821374616277,False,2026-09-24 15:36:08
100,0.013914,39.8887,0.9766,0.000245,142.46,0.0007279622411234686,False,2026-09-24 16:15:27
101,0.01359,39.8874,0.9765,0.000246,142.46,0.0007005000000000001,False,2026-09-24 16:54:13
102,0.005912,39.9846,0.9768,0.000243,142.46,0.0006730377588765317,False,2026-09-24 17:32:59
103,0.007477,39.9474,0.9767,0.000243,142.46,0.0006456178625383726,False,2026-09-24 18:11:45
104,0.00607,39.9887,0.9768,0.000243,142.46,0.0006182825904782427,False,2026-09-24 18:50:39
105,0.006607,39.9695,0.9767,0.000243,142.29,0.0005910740917043588,False,2026-09-24 19:29:47
106,0.005844,40.0072,0.9768,0.000242,142.29,0.0005640343197497184,False,2026-09-24 20:08:54
107,0.006158,39.9895,0.9768,0.000243,142.29,0.0005372049679827943,False,2026-09-24 20:47:58
108,0.005806,39.98,0.9769,0.000242,142.29,0.0005106274053193805,False,2026-09-24 21:27:01
109,0.00577,39.7972,0.9765,0.000247,142.29,0.00048434261243472437,False,2026-09-24 22:05:53
110,0.005769,39.9881,0.9769,0.000242,145.71,0.0004583911185742939,False,2026-09-24 22:44:55
111,0.005766,39.9322,0.9768,0.000245,145.71,0.00043281293906061977,False,2026-09-24 23:23:52
112,0.005762,40.0023,0.9769,0.000241,145.71,0.0004076475135925693,False,2026-09-25 00:02:52
113,0.005754,40.0096,0.9768,0.000242,145.71,0.0003829336454321871,False,2026-09-25 00:44:41
114,0.005748,40.0109,0.9768,0.000243,145.71,0.00035870944157287996,False,2026-09-25 01:30:29
115,0.005745,39.9894,0.9769,0.000242,177.29,0.00033501225398119386,False,2026-09-25 02:16:42
116,0.005739,40.0325,0.9768,0.000241,177.29,0.0003118786220027882,True,2026-09-25 03:03:10
117,0.005736,40.032,0.9771,0.000241,177.29,0.00028934421602141514,False,2026-09-25 03:42:09
118,0.005732,40.0226,0.9769,0.000241,177.29,0.00026744378245777134,False,2026-09-25 04:21:06
119,0.005729,40.0513,0.977,0.000241,177.29,0.00024621109019303666,True,2026-09-25 05:00:02
120,0.005724,40.0465,0.977,0.00024,140.27,0.00022567887849970746,False,2026-09-25 05:39:03
121,0.00572,40.0465,0.977,0.00024,140.27,0.00020587880656001005,False,2026-09-25 06:17:59
122,0.005718,40.009,0.9769,0.000242,140.27,0.00018684140464973796,False,2026-09-25 06:56:54
123,0.005715,40.0233,0.977,0.000241,140.27,0.00016859602706277837,False,2026-09-25 07:35:43
124,0.005712,40.0647,0.977,0.00024,140.27,0.00015117080684891893,True,2026-09-25 08:14:40
125,0.005709,40.064,0.977,0.000241,140.35,0.00013459261243472433,False,2026-09-25 08:53:39
126,0.005707,40.054,0.9771,0.00024,140.35,0.00011888700619436977,False,2026-09-25 09:32:37
127,0.005703,40.0596,0.9771,0.00024,140.35,0.00010407820503431253,False,2026-09-25 10:11:32
128,0.005701,40.0628,0.9771,0.00024,140.35,9.018904305257854e-05,False,2026-09-25 10:50:28
129,0.005698,40.0666,0.9771,0.000239,140.35,7.724093633023673e-05,True,2026-09-25 11:29:24
130,0.005698,40.0434,0.9771,0.00024,141.36,6.525384990935559e-05,False,2026-09-25 12:08:25
131,0.005695,40.0813,0.9771,0.000239,141.36,5.424626700835493e-05,True,2026-09-25 12:47:20
132,0.005693,40.0812,0.9771,0.000239,141.36,4.423516052222233e-05,False,2026-09-25 13:26:17
133,0.005692,40.0644,0.9771,0.000239,141.36,3.5235966851540104e-05,False,2026-09-25 14:05:11
134,0.005689,40.0725,0.9772,0.000239,141.36,2.7262562100673808e-05,False,2026-09-25 14:44:06
135,0.00569,40.081,0.9771,0.000239,144.42,2.032724068182525e-05,False,2026-09-25 15:23:04
136,0.005687,40.0716,0.9771,0.000239,144.42,1.4440696357940316e-05,False,2026-09-25 16:02:47
137,0.005687,40.0706,0.9771,0.000239,144.42,9.612005753701208e-06,False,2026-09-25 16:41:35
138,0.005685,40.0837,0.9772,0.000239,144.42,5.848614360029058e-06,True,2026-09-25 17:20:24
139,0.005684,40.0834,0.9772,0.000239,144.42,3.1563250536769893e-06,False,2026-09-25 17:59:13
140,0.005684,40.0811,0.9772,0.000239,141.34,1.5392891496143307e-06,False,2026-09-25 18:38:04
141,0.005685,40.0804,0.9772,0.000239,141.34,0.0014,False,2026-09-25 19:16:52
142,401.516112,39.6711,0.9757,0.000254,141.34,0.0013998651647172044,False,2026-09-25 19:55:42
143,16.078977,39.7768,0.9763,0.000247,141.34,0.0013994607108503857,False,2026-09-25 20:34:31
144,2.885125,38.9473,0.9724,0.000299,141.34,0.0013987867943242088,False,2026-09-25 21:13:23
145,1.766973,39.6817,0.9761,0.00025,141.18,0.001397843674946323,False,2026-09-25 21:52:18
146,0.016626,39.8823,0.9766,0.000245,141.18,0.0013966317163072017,False,2026-09-25 22:31:10
147,0.178726,39.7181,0.9762,0.00025,141.18,0.001395151385639971,False,2026-09-25 23:10:01
148,0.011375,39.822,0.9764,0.000254,141.18,0.0013934032536402823,False,2026-09-25 23:48:53
149,0.018974,39.9065,0.9766,0.000245,141.18,0.0013913879942462988,False,2026-09-26 00:27:44
150,0.190841,39.8365,0.9765,0.000247,140.67,0.0013891063843788792,False,2026-09-26 01:06:40
151,0.145576,39.8483,0.9764,0.000247,140.67,0.0013865593036420597,False,2026-09-26 01:45:31
152,5.457771,39.8105,0.9765,0.000248,140.67,0.0013837477339839503,False,2026-09-26 02:24:26
153,254226072559.51385,4.2909,0.0025,3224243678.716559,140.67,0.0013806727593181746,False,2026-09-26 03:10:16
154,218775267990338.4,5.2771,0.0029,30233861496.423306,140.67,0.0013773355651060016,False,2026-09-26 03:55:42
155,7.104797072500103e+19,4.9719,0.003,1.7920123349554876e+21,147.0,0.0013737374378993263,False,2026-09-26 04:36:18
156,1.8889042954419542e+20,4.9741,0.003,1.7311409155772831e+21,147.0,0.00136987976484468,False,2026-09-26 05:15:48
157,1.8387605824546705e+20,4.9762,0.0029,1.6812834775270873e+21,147.0,0.0013657640331484599,False,2026-09-26 05:54:12
158,1.8966582674541028e+21,5.5928,0.0101,4.6867717317739073e+21,147.0,0.0013613918295035813,False,2026-09-26 06:32:38
159,1.3520380792465331e+21,5.5928,0.0101,4.7205131675782375e+21,147.0,0.0013567648394777778,False,2026-09-26 07:11:04
160,5.3608008880327564e+20,5.5928,0.0101,4.761129984362521e+21,139.34,0.001351884846863783,False,2026-09-26 07:49:34
161,5.38847594916627e+20,5.5928,0.0101,4.7085294419925454e+21,139.34,0.001346753732991645,False,2026-09-26 08:27:57
162,7.611767663308236e+21,5.5928,0.0101,4.6311693176109085e+21,139.34,0.0013413734760034366,False,2026-09-26 09:06:23
163,8.958219414039814e+21,5.5928,0.0101,4.5219736021959395e+21,139.34,0.0013357461500906444,False,2026-09-26 09:44:47
164,2.596540824199667e+21,5.5928,0.0101,4.438824809760609e+21,139.34,0.001329873924694529,False,2026-09-26 10:25:04
165,6.301571829530652e+20,5.5928,0.0101,4.345408938196563e+21,143.59,0.0013237590636697633,False,2026-09-26 11:05:16
166,2.3918847486374143e+22,5.5928,0.0101,4.236653354213865e+21,143.59,0.0013174039244116744,False,2026-09-26 11:44:18
167,2.3843352941371945e+22,5.5928,0.0101,4.1056184230983584e+21,143.59,0.0013108109569474216,False,2026-09-26 12:23:18
168,1.9304218178572687e+22,5.5928,0.0101,4.000543334250682e+21,143.59,0.0013039827029914654,False,2026-09-26 13:02:20
169,2.1443941871497647e+21,5.5928,0.0101,3.9000190899845773e+21,143.59,0.0012969217949656874,False,2026-09-26 13:41:22
170,9.148987801941903e+21,5.5928,0.0101,3.803518502784716e+21,142.85,0.0012896309549845423,False,2026-09-26 14:20:30
171,1.2959627577935482e+22,5.5907,0.0102,3.2960957377363045e+21,142.85,0.0012821129938056304,False,2026-09-26 14:59:34
172,1.8554154320022397e+22,5.5907,0.0102,3.208085838230057e+21,142.85,0.0012743708097460967,False,2026-09-26 15:38:40
173,1.5756638652863418e+22,5.5907,0.0102,3.1449768714846486e+21,142.85,0.0012664073875652757,False,2026-09-26 16:17:40
174,1.0391209073517017e+22,5.5907,0.0102,3.0612360540644416e+21,142.85,0.0012582257973140086,False,2026-09-26 16:56:43
175,4.5288040828306687e+21,5.5907,0.0102,2.986997309033198e+21,144.32,0.001249829193151081,False,2026-09-26 17:35:48
176,4.663190929087654e+21,5.5907,0.0102,2.904393311853515e+21,144.32,0.0012412208121272345,False,2026-09-26 18:14:48
177,1.6136776848994522e+22,5.5907,0.0102,2.827037388103653e+21,144.32,0.0012324039729372216,False,2026-09-26 18:55:04
178,4.3736057916698825e+21,5.5907,0.0102,2.7445444376803347e+21,144.32,0.0012233820746403864,False,2026-09-26 19:40:08
179,3.1603683725875393e+20,5.5907,0.0102,2.6711429905111104e+21,144.32,0.001214158595350262,False,2026-09-26 20:24:51
180,9.060822516130235e+20,5.5907,0.0102,2.6015112424547607e+21,145.46,0.0012047370908936917,False,2026-09-26 21:04:13
181,3.836985827293067e+21,5.5907,0.0102,2.5268727185222035e+21,145.46,0.0011951211934399899,False,2026-09-26 21:43:31
182,7.88707433133831e+20,5.5907,0.0102,2.4597200465325337e+21,145.46,0.0011853146101006723,False,2026-09-26 22:22:48
183,2.6521810411907036e+20,5.5907,0.0102,2.3790182074133266e+21,145.46,0.001175321121500293,False,2026-09-26 23:02:04
184,2.651058939020711e+20,5.5907,0.0102,2.3157984360170054e+21,145.46,0.0011651445803189415,False,2026-09-26 23:42:44
185,1.1954153297160645e+21,5.5907,0.0102,2.2479657126086254e+21,141.84,0.0011547889098069636,False,2026-09-27 00:23:17
186,3.3626240071243157e+20,5.5907,0.0102,2.1821783805359497e+21,141.84,0.00114425810227247,False,2026-09-27 01:02:13
187,2.4344586229757542e+20,5.5907,0.0102,2.1152155821630953e+21,141.84,0.0011335562175422288,False,2026-09-27 01:42:26
188,2.344679802131662e+20,5.5907,0.0102,2.0560216520083309e+21,141.84,0.0011226873813965231,False,2026-09-27 02:22:55
189,2.4179386557508416e+20,5.5907,0.0102,1.9957799448900723e+21,141.84,0.001111655783978585,False,2026-09-27 03:11:24
190,2.271130802605196e+20,5.5907,0.0102,1.9328800395084956e+21,178.06,0.0011004656781792147,False,2026-09-27 03:57:18
191,2.149065691077477e+20,5.5907,0.0102,1.878024761028318e+21,178.06,0.0010891213779972116,False,2026-09-27 04:42:03
192,2.1287267390020986e+20,5.5907,0.0102,1.8214511540241223e+21,178.06,0.0010776272568762447,False,2026-09-27 05:30:07
193,1.9838836421557656e+20,5.5908,0.0102,1.7701966875492163e+21,178.06,0.0010659877460188062,False,2026-09-27 06:17:31
194,2.0418114306863713e+20,5.5908,0.0102,1.7181911751300148e+21,178.06,0.0010542073326779001,False,2026-09-27 06:58:32
195,1.9524804956919903e+20,5.5908,0.0102,1.6618695946065567e+21,147.89,0.00104229055842712,False,2026-09-27 07:39:38
196,1.8746777169790878e+20,5.5908,0.0102,1.6178748899816283e+21,147.89,0.0010302420174097852,False,2026-09-27 08:20:41
197,1.779011884228218e+20,5.5908,0.0102,1.5729486874725877e+21,147.89,0.001018066354567813,False,2026-09-27 09:01:41
198,1.7732141948388606e+20,5.5908,0.0102,1.5235283907348702e+21,147.89,0.0010057682638510029,False,2026-09-27 09:42:44
199,1.712806542764876e+20,5.5908,0.0102,1.479063827572993e+21,147.89,0.000993352486407431,False,2026-09-27 10:23:44
200,1.964083350333972e+20,5.5908,0.0102,1.4350954047510434e+21,149.83,0.0009808238087556471,False,2026-09-27 11:04:51
201,1.561774407668286e+20,5.5908,0.0102,1.3898594712019804e+21,149.83,0.0009681870609393804,False,2026-09-27 11:45:52
202,1.575879008886882e+20,5.5908,0.0102,1.355221028986937e+21,149.83,0.0009554471146654652,False,2026-09-27 12:26:55
203,5.0781537604286854e+20,5.5907,0.0102,1.3150645523996565e+21,149.83,0.0009426088814257063,False,2026-09-27 13:07:58
204,8.420046904431419e+20,5.5907,0.0102,1.2756877518684794e+21,149.83,0.0009296773106034046,False,2026-09-27 13:49:00
205,7.780216259478909e+20,5.5971,0.0102,1.2666925748532344e+21,151.2,0.0009166573875652759,False,2026-09-27 14:30:07
206,7.757065475921551e+20,5.5971,0.0102,1.228326644378964e+21,151.2,0.0009035541317394966,False,2026-09-27 15:11:10
207,4.779801731442399e+20,5.5971,0.0102,1.1862939681904945e+21,151.2,0.0008903725946806195,False,2026-09-27 15:52:12
208,1.3512193385572006e+20,5.5971,0.0102,1.1630016397610539e+21,151.2,0.0008771178581221032,False,2026-09-27 16:36:30
209,1.613113669588404e+20,5.5971,0.0102,1.1382560623421074e+21,151.2,0.0008637950320172059,False,2026-09-27 17:22:04
210,1.2375107500622129e+20,5.5971,0.0102,1.1171460609873938e+21,152.27,0.000850409252569003,False,2026-09-27 18:07:28
211,1.2328836527088663e+20,5.5971,0.0102,1.0894863029417738e+21,152.27,0.000836965680250282,False,2026-09-27 18:50:45
212,1.2057012046910585e+20,5.5971,0.0102,1.0714450908312382e+21,152.27,0.000823469497814081,False,2026-09-27 19:36:26
213,1.1753237450253346e+20,5.5971,0.0102,1.047324670330727e+21,152.27,0.0008099259082956416,False,2026-09-27 20:18:40
214,1.1679778943071103e+20,5.5971,0.0102,1.025319294265673e+21,152.27,0.0007963401330065369,False,2026-09-27 20:59:20
